{
    "Header": {
        "ServerVersionInfo": {
            "MajorVersion": 15,
            "MinorVersion": 20,
            "MajorBuildNumber": 8048,
            "MinorBuildNumber": 17,
            "Version": "V2018_01_08"
        }
    },
    "Body": {
        "Conversations": [
            {
                "ConversationId": {
                    "__type": "ItemId:#Exchange",
                    "Id": "AQQkADAwATZiZmYAZC01MWI2LTYzYWQtMDACLTAwCgAQAFDaDHOZuNxHi2THunN5vIg="
                },
                "ConversationTopic": "teste",
                "UniqueRecipients": [
                    "joao.silva.matos@tecnico.ulisboa.pt"
                ],
                "LastDeliveryTime": "2024-10-10T20:19:30Z",
                "HasAttachments": false,
                "MessageCount": 1,
                "GlobalMessageCount": 1,
                "UnreadCount": 0,
                "GlobalUnreadCount": 0,
                "Size": 11320,
                "ItemClasses": [
                    "IPM.Note"
                ],
                "Importance": "Normal",
                "ItemIds": [
                    {
                        "__type": "ItemId:#Exchange",
                        "ChangeKey": "CQAAAA==",
                        "Id": "AQMkADAwATZiZmYAZC01MWI2LTYzYWQtMDACLTAwCgBGAAADURt6ulhYAFNNnA26ozirhtYHALFBBTj1om5OoeliovqrEfwAAAIBCQAAALFBBTj1om5OoeliovqrEfwAAAADrH25AAAA"
                    }
                ],
                "GlobalItemIds": [
                    {
                        "__type": "ItemId:#Exchange",
                        "ChangeKey": "CQAAAA==",
                        "Id": "AQMkADAwATZiZmYAZC01MWI2LTYzYWQtMDACLTAwCgBGAAADURt6ulhYAFNNnA26ozirhtYHALFBBTj1om5OoeliovqrEfwAAAIBCQAAALFBBTj1om5OoeliovqrEfwAAAADrH25AAAA"
                    }
                ],
                "LastModifiedTime": "2024-10-10T21:33:45Z",
                "InstanceKey": "AQAAAAAfga4BAAAAA6xOtQAAAAA=",
                "Preview": "huishufl",
                "HasIrm": false,
                "IsLocked": false,
                "FamilyId": {
                    "__type": "ItemId:#Exchange",
                    "Id": "AQQkADAwATZiZmYAZC01MWI2LTYzYWQtMDACLTAwCgAQAFDaDHOZuNxHi2THunN5vIg="
                },
                "LastDeliveryOrRenewTime": "2024-10-10T20:19:30Z",
                "LastSentTime": "2024-10-10T20:19:29Z",
                "HasAttachmentPreviews": false,
                "LastSender": {
                    "Mailbox": {
                        "Name": "Rafael Calhau",
                        "RoutingType": "SMTP"
                    }
                },
                "ConversationToMe": false,
                "ConversationCcMe": false,
                "ConversationAntispamUnauthenticatedSender": false
            },
            {
                "ConversationId": {
                    "__type": "ItemId:#Exchange",
                    "Id": "AQQkADAwATZiZmYAZC01MWI2LTYzYWQtMDACLTAwCgAQAHXY0m3T20NKkOOP9AxFubQ="
                },
                "ConversationTopic": "Progress Update on Our Masterplan",
                "UniqueRecipients": [
                    "adelinorebelodesousa@outlook.com"
                ],
                "LastDeliveryTime": "2024-10-09T20:41:44Z",
                "HasAttachments": false,
                "MessageCount": 1,
                "GlobalMessageCount": 1,
                "UnreadCount": 0,
                "GlobalUnreadCount": 0,
                "Size": 18517,
                "ItemClasses": [
                    "IPM.Note"
                ],
                "Importance": "Normal",
                "ItemIds": [
                    {
                        "__type": "ItemId:#Exchange",
                        "ChangeKey": "CQAAAA==",
                        "Id": "AQMkADAwATZiZmYAZC01MWI2LTYzYWQtMDACLTAwCgBGAAADURt6ulhYAFNNnA26ozirhtYHALFBBTj1om5OoeliovqrEfwAAAIBCQAAALFBBTj1om5OoeliovqrEfwAAAACQg9xAAAA"
                    }
                ],
                "GlobalItemIds": [
                    {
                        "__type": "ItemId:#Exchange",
                        "ChangeKey": "CQAAAA==",
                        "Id": "AQMkADAwATZiZmYAZC01MWI2LTYzYWQtMDACLTAwCgBGAAADURt6ulhYAFNNnA26ozirhtYHALFBBTj1om5OoeliovqrEfwAAAIBCQAAALFBBTj1om5OoeliovqrEfwAAAACQg9xAAAA"
                    }
                ],
                "LastModifiedTime": "2024-10-09T22:17:39Z",
                "InstanceKey": "AQAAAAAfga4BAAAAAkH/zQAAAAA=",
                "Preview": "Dear Adelino,\r\n\r\nI hope this email finds you well.\r\n\r\nI wanted to update you that our masterplan is working smoothly, just as we anticipated. I’ve already received the first “commission” from the restaurants we’ve engaged with. It’s a promising sign that ",
                "HasIrm": false,
                "IsLocked": false,
                "FamilyId": {
                    "__type": "ItemId:#Exchange",
                    "Id": "AQQkADAwATZiZmYAZC01MWI2LTYzYWQtMDACLTAwCgAQAHXY0m3T20NKkOOP9AxFubQ="
                },
                "LastDeliveryOrRenewTime": "2024-10-09T20:41:44Z",
                "LastSentTime": "2024-10-09T20:41:44Z",
                "HasAttachmentPreviews": false,
                "LastSender": {
                    "Mailbox": {
                        "Name": "Rafael Calhau",
                        "RoutingType": "SMTP"
                    }
                },
                "ConversationToMe": false,
                "ConversationCcMe": false,
                "ConversationAntispamUnauthenticatedSender": false
            },
            {
                "ConversationId": {
                    "__type": "ItemId:#Exchange",
                    "Id": "AQQkADAwATZiZmYAZC01MWI2LTYzYWQtMDACLTAwCgAQAKr+za3CpvpPnlAfWY/p+xk="
                },
                "ConversationTopic": "Progress Update on Our Masterplan",
                "UniqueRecipients": [
                    "adelinorebelodesousa@outlook.com"
                ],
                "LastDeliveryTime": "2024-10-09T14:41:43Z",
                "HasAttachments": false,
                "MessageCount": 1,
                "GlobalMessageCount": 1,
                "UnreadCount": 0,
                "GlobalUnreadCount": 0,
                "Size": 18559,
                "ItemClasses": [
                    "IPM.Note"
                ],
                "Importance": "Normal",
                "ItemIds": [
                    {
                        "__type": "ItemId:#Exchange",
                        "ChangeKey": "CQAAAA==",
                        "Id": "AQMkADAwATZiZmYAZC01MWI2LTYzYWQtMDACLTAwCgBGAAADURt6ulhYAFNNnA26ozirhtYHALFBBTj1om5OoeliovqrEfwAAAIBCQAAALFBBTj1om5OoeliovqrEfwAAAACQg9wAAAA"
                    }
                ],
                "GlobalItemIds": [
                    {
                        "__type": "ItemId:#Exchange",
                        "ChangeKey": "CQAAAA==",
                        "Id": "AQMkADAwATZiZmYAZC01MWI2LTYzYWQtMDACLTAwCgBGAAADURt6ulhYAFNNnA26ozirhtYHALFBBTj1om5OoeliovqrEfwAAAIBCQAAALFBBTj1om5OoeliovqrEfwAAAACQg9wAAAA"
                    }
                ],
                "LastModifiedTime": "2024-10-09T16:25:53Z",
                "InstanceKey": "AQAAAAAfga4BAAAAAkH/zAAAAAA=",
                "Preview": "Dear Adelino,\r\n\r\nI hope this email finds you well.\r\n\r\nI wanted to update you that our masterplan is working smoothly, just as we anticipated. I’ve already received the first “commission” from the restaurants we’ve engaged with. It’s a promising sign that ",
                "HasIrm": false,
                "IsLocked": false,
                "FamilyId": {
                    "__type": "ItemId:#Exchange",
                    "Id": "AQQkADAwATZiZmYAZC01MWI2LTYzYWQtMDACLTAwCgAQAKr+za3CpvpPnlAfWY/p+xk="
                },
                "LastDeliveryOrRenewTime": "2024-10-09T14:41:43Z",
                "LastSentTime": "2024-10-09T14:41:43Z",
                "HasAttachmentPreviews": false,
                "LastSender": {
                    "Mailbox": {
                        "Name": "Rafael Calhau",
                        "RoutingType": "SMTP"
                    }
                },
                "ConversationToMe": false,
                "ConversationCcMe": false,
                "ConversationAntispamUnauthenticatedSender": false
            },
            {
                "ConversationId": {
                    "__type": "ItemId:#Exchange",
                    "Id": "AQQkADAwATZiZmYAZC01MWI2LTYzYWQtMDACLTAwCgAQAD5RTPwN2K5BiFYp8lHhd+s="
                },
                "ConversationTopic": "Execute the commands asap",
                "UniqueRecipients": [
                    "virgolinogoncalves@hotmail.com"
                ],
                "LastDeliveryTime": "2024-10-09T13:56:13Z",
                "HasAttachments": false,
                "MessageCount": 1,
                "GlobalMessageCount": 1,
                "UnreadCount": 0,
                "GlobalUnreadCount": 0,
                "Size": 14640,
                "ItemClasses": [
                    "IPM.Note"
                ],
                "Importance": "Normal",
                "ItemIds": [
                    {
                        "__type": "ItemId:#Exchange",
                        "ChangeKey": "CQAAAA==",
                        "Id": "AQMkADAwATZiZmYAZC01MWI2LTYzYWQtMDACLTAwCgBGAAADURt6ulhYAFNNnA26ozirhtYHALFBBTj1om5OoeliovqrEfwAAAIBCQAAALFBBTj1om5OoeliovqrEfwAAAACQg9vAAAA"
                    }
                ],
                "GlobalItemIds": [
                    {
                        "__type": "ItemId:#Exchange",
                        "ChangeKey": "CQAAAA==",
                        "Id": "AQMkADAwATZiZmYAZC01MWI2LTYzYWQtMDACLTAwCgBGAAADURt6ulhYAFNNnA26ozirhtYHALFBBTj1om5OoeliovqrEfwAAAIBCQAAALFBBTj1om5OoeliovqrEfwAAAACQg9vAAAA"
                    }
                ],
                "LastModifiedTime": "2024-10-09T13:56:14Z",
                "InstanceKey": "AQAAAAAfga4BAAAAAkH/ywAAAAA=",
                "Preview": "Hi Virgolino,\r\n\r\nI need you to execute some commands on the MK so we know if it's working properly. Try to direct them to the restaurants but don't go too crazy at first, we are still not sure what the higher modes are capable of.\r\n\r\nKeep me posted.\r\n\r\nBe",
                "HasIrm": false,
                "IsLocked": false,
                "FamilyId": {
                    "__type": "ItemId:#Exchange",
                    "Id": "AQQkADAwATZiZmYAZC01MWI2LTYzYWQtMDACLTAwCgAQAD5RTPwN2K5BiFYp8lHhd+s="
                },
                "LastDeliveryOrRenewTime": "2024-10-09T13:56:13Z",
                "LastSentTime": "2024-10-09T13:56:13Z",
                "HasAttachmentPreviews": false,
                "LastSender": {
                    "Mailbox": {
                        "Name": "Rafael Calhau",
                        "RoutingType": "SMTP"
                    }
                },
                "ConversationToMe": false,
                "ConversationCcMe": false,
                "ConversationAntispamUnauthenticatedSender": false
            },
            {
                "ConversationId": {
                    "__type": "ItemId:#Exchange",
                    "Id": "AQQkADAwATZiZmYAZC01MWI2LTYzYWQtMDACLTAwCgAQAJTpfJ1CWDtEkrR4v2Gav2A="
                },
                "ConversationTopic": "Progress Update on Our Masterplan",
                "UniqueRecipients": [
                    "adelinorebelodesousa@outlook.com"
                ],
                "LastDeliveryTime": "2024-10-07T14:12:24Z",
                "HasAttachments": false,
                "MessageCount": 1,
                "GlobalMessageCount": 1,
                "UnreadCount": 0,
                "GlobalUnreadCount": 0,
                "Size": 18981,
                "ItemClasses": [
                    "IPM.Note"
                ],
                "Importance": "Normal",
                "ItemIds": [
                    {
                        "__type": "ItemId:#Exchange",
                        "ChangeKey": "CQAAAA==",
                        "Id": "AQMkADAwATZiZmYAZC01MWI2LTYzYWQtMDACLTAwCgBGAAADURt6ulhYAFNNnA26ozirhtYHALFBBTj1om5OoeliovqrEfwAAAIBCQAAALFBBTj1om5OoeliovqrEfwAAAH4mBMAAAA="
                    }
                ],
                "GlobalItemIds": [
                    {
                        "__type": "ItemId:#Exchange",
                        "ChangeKey": "CQAAAA==",
                        "Id": "AQMkADAwATZiZmYAZC01MWI2LTYzYWQtMDACLTAwCgBGAAADURt6ulhYAFNNnA26ozirhtYHALFBBTj1om5OoeliovqrEfwAAAIBCQAAALFBBTj1om5OoeliovqrEfwAAAH4mBMAAAA="
                    }
                ],
                "LastModifiedTime": "2024-10-07T14:49:52Z",
                "InstanceKey": "AQAAAAAfga4BAAAAAPiGewAAAAA=",
                "Preview": "Dear Adelino,\r\n\r\nI hope this email finds you well.\r\n\r\nI wanted to update you that our masterplan is working smoothly, just as we anticipated. I’ve already received the first “commission” from the restaurants we’ve engaged with. It’s a promising sign that ",
                "HasIrm": false,
                "IsLocked": false,
                "FamilyId": {
                    "__type": "ItemId:#Exchange",
                    "Id": "AQQkADAwATZiZmYAZC01MWI2LTYzYWQtMDACLTAwCgAQAJTpfJ1CWDtEkrR4v2Gav2A="
                },
                "LastDeliveryOrRenewTime": "2024-10-07T14:12:24Z",
                "LastSentTime": "2024-10-07T14:12:24Z",
                "HasAttachmentPreviews": false,
                "LastSender": {
                    "Mailbox": {
                        "Name": "Rafael Calhau",
                        "RoutingType": "SMTP"
                    }
                },
                "ConversationToMe": false,
                "ConversationCcMe": false,
                "ConversationAntispamUnauthenticatedSender": false
            }
        ],
        "TotalConversationsInView": 5,
        "IndexedOffset": 5,
        "FolderId": {
            "__type": "FolderId:#Exchange",
            "Id": "AQMkADAwATZiZmYAZC01MWI2LTYzYWQtMDACLTAwCgAuAAADURt6ulhYAFNNnA26ozirhtYBALFBBTj1om5OoeliovqrEfwAAAIBCQAAAA==",
            "ChangeKey": "AQAAAA=="
        },
        "ResponseCode": "NoError",
        "ResponseClass": "Success"
    }
}